review,rating,date,bank,source,sentiment_label,sentiment_score,theme
the worst app humans ever created,1,2025-06-09,BOA,Google Play,NEGATIVE,0.9998008608818054,UI/UX
it's not working,3,2025-06-05,BOA,Google Play,NEGATIVE,0.9997857213020325,Other
"Hello, I‚Äôm facing a problem with the BOA Mobile app. Every time I enter my phone number and password, the app crashes and shows an error that says ‚ÄúBoaMobile closed because this app has a bug.‚Äù I tried updating, reinstalling, and clearing cache, but nothing worked. Please fix this bug in the next update. I really need access to my account. Thank you.",1,2025-06-03,BOA,Google Play,NEGATIVE,0.9994151592254639,"Account Access, UI/UX, Performance"
exceptional,5,2025-06-03,BOA,Google Play,POSITIVE,0.9998514652252197,Other
BoA Mobile good bank,5,2025-06-02,BOA,Google Play,POSITIVE,0.9984728693962097,Other
this is worest app 24/7 loading,1,2025-06-01,BOA,Google Play,NEGATIVE,0.9934743046760559,UI/UX
This App is not interest for Android phone Please update it .,1,2025-06-01,BOA,Google Play,NEGATIVE,0.9971383810043335,UI/UX
BoA system is confartable,5,2025-05-31,BOA,Google Play,NEGATIVE,0.9980142116546631,Other
"this app, for me , is a waste of time. It doesn't work . I can't even long in, and it really piss me off. FIX THE PROBLEM",1,2025-05-27,BOA,Google Play,NEGATIVE,0.9998049139976501,UI/UX
Good service.,3,2025-05-25,BOA,Google Play,POSITIVE,0.9998533725738525,Customer Support
the app crush frequently,1,2025-05-24,BOA,Google Play,NEGATIVE,0.998525083065033,UI/UX
good,5,2025-05-22,BOA,Google Play,POSITIVE,0.9998161196708679,Other
You guys keeps getting worst,1,2025-05-22,BOA,Google Play,NEGATIVE,0.9997075200080872,Other
good,5,2025-05-21,BOA,Google Play,POSITIVE,0.9998161196708679,Other
"This app is a joke. It crashes more than it works, takes forever to load, and half the features are just decorative at this point. Can‚Äôt log in, can‚Äôt transfer money, can‚Äôt even check my balance without it bugging out. To the developer: Are you actually trying to make this work, or is this some kind of social experiment to test our patience? Did you build this in your sleep? Because it definitely looks like it. If this is your idea of a functional app, maybe consider a different career pathüôè",1,2025-05-21,BOA,Google Play,NEGATIVE,0.9990266561508179,"Transactions, UI/UX, Performance"
BoA,2,2025-05-20,BOA,Google Play,NEGATIVE,0.74105304479599,Other
good,5,2025-05-20,BOA,Google Play,POSITIVE,0.9998161196708679,Other
but not opening on android,4,2025-05-19,BOA,Google Play,NEGATIVE,0.9952228665351868,Other
Worst App ever. Totally unreliable. And it didn't work at all for the last 4 months.,1,2025-05-18,BOA,Google Play,NEGATIVE,0.9997984766960144,UI/UX
amazing,5,2025-05-18,BOA,Google Play,POSITIVE,0.999875545501709,Other
excellent app,4,2025-05-16,BOA,Google Play,POSITIVE,0.9998356103897095,UI/UX
excellent,5,2025-05-15,BOA,Google Play,POSITIVE,0.9998434782028198,Other
·àû·àã·ã¨ ·ä®·â†·ã∞,5,2025-05-14,BOA,Google Play,NEGATIVE,0.7850591540336609,Other
"this app does no work on Samsung a51, it just gives a preview of the logo",1,2025-05-11,BOA,Google Play,NEGATIVE,0.9992283582687378,UI/UX
nice,5,2025-05-10,BOA,Google Play,POSITIVE,0.9998552799224854,Other
"i entered incorrect security question by mistake boa app lock pin forever, why is there no other options? ?? i contacted different branchs more then 4times but they didn't able to solve this issue .",5,2025-05-10,BOA,Google Play,NEGATIVE,0.9994921684265137,UI/UX
Best app,5,2025-05-09,BOA,Google Play,POSITIVE,0.999686598777771,UI/UX
liking this application good üëç,5,2025-05-07,BOA,Google Play,POSITIVE,0.9996829032897949,UI/UX
"This app future is good, but there is problems with apps to reset and activate it, which is difficult even to the branch staffs, and it takes too long times to active at the branch plus most of the time high expected failure of activation after process at the counter and OTP sent not work",1,2025-05-06,BOA,Google Play,NEGATIVE,0.9989790916442871,UI/UX
good,5,2025-05-06,BOA,Google Play,POSITIVE,0.9998161196708679,Other
good,5,2025-05-02,BOA,Google Play,POSITIVE,0.9998161196708679,Other
good,4,2025-04-30,BOA,Google Play,POSITIVE,0.9998161196708679,Other
good,4,2025-04-30,BOA,Google Play,POSITIVE,0.9998161196708679,Other
wow,5,2025-04-28,BOA,Google Play,POSITIVE,0.999592125415802,Other
it's really good üëç,5,2025-04-23,BOA,Google Play,POSITIVE,0.9998701810836792,Other
Bad app . it stuck when you open and noting WORKS.,1,2025-04-23,BOA,Google Play,NEGATIVE,0.9995198249816895,UI/UX
"the app isn't working after it asked me the password it starts loading, but it doesn't open",3,2025-04-20,BOA,Google Play,NEGATIVE,0.9997255206108093,"Account Access, UI/UX"
Best,2,2025-04-19,BOA,Google Play,POSITIVE,0.9997941851615906,Other
It keeps showing this pop up to turn off developer options even tho it's off! I had to turn on and then off to make it work! This is a horrible experience and needs a fix asap! Plus kinda slow.,1,2025-04-19,BOA,Google Play,NEGATIVE,0.9996699094772339,Performance
yideg,1,2025-04-17,BOA,Google Play,NEGATIVE,0.767581045627594,Other
·ä†·ã≠·ä®·çç·âµ·àù ·ä•·äÆ,1,2025-04-17,BOA,Google Play,NEGATIVE,0.7850591540336609,Other
great boa,5,2025-04-10,BOA,Google Play,POSITIVE,0.9992689490318298,Other
Best,5,2025-04-10,BOA,Google Play,POSITIVE,0.9997941851615906,Other
boa of mobile backing,5,2025-04-09,BOA,Google Play,NEGATIVE,0.980626106262207,Other
nice,5,2025-04-09,BOA,Google Play,POSITIVE,0.9998552799224854,Other
faster bank of Abissinya,5,2025-04-08,BOA,Google Play,POSITIVE,0.9722142815589905,Other
i would have given it a lower if it was possible because it crush so much and it take the bank so long to fix the bug,1,2025-04-08,BOA,Google Play,NEGATIVE,0.9996716976165771,"UI/UX, Performance"
it just doesn't work...so frustrating,1,2025-04-07,BOA,Google Play,NEGATIVE,0.999774158000946,Other
like,5,2025-04-06,BOA,Google Play,POSITIVE,0.9910564422607422,Other
it's not work correctly... you must have update it,1,2025-04-06,BOA,Google Play,NEGATIVE,0.9998013377189636,Other
"the app gets a considerable improvements like language , QR scanner and unlimited transfers survice. but BOA Please do alot on its fastness and convenient when we login and making a transactions.",5,2025-04-04,BOA,Google Play,POSITIVE,0.9575353264808655,"Account Access, Transactions, UI/UX"
after i typed in my password it says successfully logged out ...and goes back to the first page,2,2025-04-04,BOA,Google Play,NEGATIVE,0.5856848359107971,Account Access
good but they don't update enough don't add new things,3,2025-04-04,BOA,Google Play,NEGATIVE,0.9693678617477417,Other
very good,5,2025-04-03,BOA,Google Play,POSITIVE,0.9998520612716675,Other
thank you,5,2025-04-02,BOA,Google Play,POSITIVE,0.9998352527618408,Other
it doesn't work period z slowest mobile banking ever i would rather use *815#,1,2025-03-31,BOA,Google Play,NEGATIVE,0.9990907907485962,"UI/UX, Performance"
"after activated the application it not allowed to sign , automatically it is turn off In my phone, why ?",1,2025-03-31,BOA,Google Play,NEGATIVE,0.9973751306533813,UI/UX
good application,5,2025-03-30,BOA,Google Play,POSITIVE,0.999854564666748,UI/UX
this version is not working for me I cannot even buy card. I cannot send money,1,2025-03-30,BOA,Google Play,NEGATIVE,0.9995684027671814,Transactions
"It can't actively on initialization, it says incorrect OTP getting the exact OTP",1,2025-03-29,BOA,Google Play,NEGATIVE,0.9996182918548584,Other
always problematic hardly works,1,2025-03-26,BOA,Google Play,NEGATIVE,0.9995555281639099,Other
considering the fact the bank is huge this app really bad you could do better,1,2025-03-25,BOA,Google Play,NEGATIVE,0.9997418522834778,UI/UX
best app,5,2025-03-25,BOA,Google Play,POSITIVE,0.999686598777771,UI/UX
very good,5,2025-03-25,BOA,Google Play,POSITIVE,0.9998520612716675,Other
"worst app and Bank ever u be ashamed, scammer",1,2025-03-24,BOA,Google Play,NEGATIVE,0.9998050332069397,UI/UX
great BoA,5,2025-03-22,BOA,Google Play,POSITIVE,0.9992689490318298,Other
best,5,2025-03-21,BOA,Google Play,POSITIVE,0.9997941851615906,Other
i have went to the bank so many times because i couldn't make any transaction i can only see my balance nothing else so what is the point of having mobile banking if i can't make any transaction with it please work in that,1,2025-03-21,BOA,Google Play,NEGATIVE,0.9988333582878113,"Transactions, UI/UX"
good,5,2025-03-21,BOA,Google Play,POSITIVE,0.9998161196708679,Other
good,5,2025-03-19,BOA,Google Play,POSITIVE,0.9998161196708679,Other
there is no speed,1,2025-03-19,BOA,Google Play,NEGATIVE,0.9994422793388367,Other
"For anyone who wants to download it, just don't!!!",1,2025-03-19,BOA,Google Play,NEGATIVE,0.9993981122970581,Other
wonderful,5,2025-03-19,BOA,Google Play,POSITIVE,0.9998772144317627,Other
all worck,5,2025-03-19,BOA,Google Play,NEGATIVE,0.9971314668655396,Other
Best app,5,2025-03-16,BOA,Google Play,POSITIVE,0.999686598777771,UI/UX
Loved it,5,2025-03-14,BOA,Google Play,POSITIVE,0.9998797178268433,Other
Wow,1,2025-03-14,BOA,Google Play,POSITIVE,0.999592125415802,Other
"Edit: New bug, app not letting me type in my otp codes. Shameful Why does this app not allow me to use it while having developer options on? Did y'all consider that I might, perhaps, be an actual developer? Why am I expected to toggle the option on and off just to bank (restarting my phone when I do)? Why is the message labled as somthing that will ""smoothen"" the experience? This is like the most ""security consultant"" thing to implement in an app. Please invest in actual security, not this mess.",1,2025-03-12,BOA,Google Play,NEGATIVE,0.9985970854759216,"UI/UX, Performance"
Improved to be the best,5,2025-03-11,BOA,Google Play,POSITIVE,0.9998570680618286,Other
BoA,5,2025-03-11,BOA,Google Play,NEGATIVE,0.74105304479599,Other
"Decent, but there problems sometimes it says error When i transfer money but infact it transferred because of this bug i transferred 2 times instead of 1 and also we can't transfer money to others telebirr acc we only can to our self BOE Dev fix this !!!",3,2025-03-11,BOA,Google Play,NEGATIVE,0.9974843263626099,"Transactions, UI/UX, Performance"
BoA Greqt Ethiopian bank.,5,2025-03-11,BOA,Google Play,NEGATIVE,0.8457717895507812,Other
"The bug is still there,the app crashes every time i try to log in, especially in old phones like my Galaxy A32",1,2025-03-10,BOA,Google Play,NEGATIVE,0.9994600415229797,"UI/UX, Performance"
Almost better compared to cbe where it is not qualified for,4,2025-03-09,BOA,Google Play,NEGATIVE,0.9741678237915039,Other
what awesome apps. it is very simple to use and more much important apps.,5,2025-03-09,BOA,Google Play,POSITIVE,0.9998214840888977,UI/UX
Wonderfull app,5,2025-03-08,BOA,Google Play,POSITIVE,0.9998815059661865,UI/UX
i can't use this app why?,5,2025-03-07,BOA,Google Play,NEGATIVE,0.9993101358413696,UI/UX
Worst mobile banking app I ever experienced I was blaming other apps but comparing with this they're too much better!!!! It clashes it takes much longer time to login while loading in short it's a complete of trash,1,2025-03-06,BOA,Google Play,NEGATIVE,0.9997013211250305,"Account Access, UI/UX"
Wow,4,2025-03-05,BOA,Google Play,POSITIVE,0.999592125415802,Other
bro the worst app made by human kind!! as a software engineer it make me so sad seeing enterprise as big as BOA make apps like this. it is a disgrace for our country!!,1,2025-03-05,BOA,Google Play,NEGATIVE,0.9998133778572083,UI/UX
AGA B Girja Miss language of admin Afaan oromo & other Itoophiyaa languages,1,2025-03-04,BOA,Google Play,NEGATIVE,0.9959415793418884,Other
Good app,5,2025-03-03,BOA,Google Play,POSITIVE,0.9998493194580078,UI/UX
"I downloaded the app for the first time while reading other customers reviews and as soon as i installed and opened the app it closes back automatically, what unserious bank, now i uninstalled the app immediately",1,2025-03-03,BOA,Google Play,NEGATIVE,0.9916398525238037,UI/UX
It has good features but sometimes it doesn't work...0,1,2025-03-02,BOA,Google Play,NEGATIVE,0.9956711530685425,Other
Very poor proformance,1,2025-03-01,BOA,Google Play,NEGATIVE,0.9998043179512024,Other
It's not opening. Really frustrating,1,2025-03-01,BOA,Google Play,NEGATIVE,0.9997020363807678,Other
Verry Amazing App from all IB,5,2025-03-01,BOA,Google Play,POSITIVE,0.9997394680976868,UI/UX
Not working on this days,1,2025-02-26,BOA,Google Play,NEGATIVE,0.9972773194313049,Other
Thank you BoA,5,2025-02-23,BOA,Google Play,POSITIVE,0.9998399019241333,Other
best banking app in the wworld,5,2025-02-22,BOA,Google Play,POSITIVE,0.999572217464447,UI/UX
Nice app and it's easy to use,5,2025-02-21,BOA,Google Play,POSITIVE,0.999751627445221,UI/UX
"please add language in the apps setting(amharic afan oromo, tigniya,and others) sometimes bank to bank transfer is not available through time and even if if it is available not reachable‚Ä¶it is serious issue!",1,2025-02-15,BOA,Google Play,NEGATIVE,0.9992678761482239,"Transactions, UI/UX"
This is help full i like ittttt,5,2025-02-14,BOA,Google Play,POSITIVE,0.9977995753288269,Customer Support
The is not functional at all?,2,2025-02-12,BOA,Google Play,NEGATIVE,0.9997331500053406,Other
Best bank,5,2025-02-08,BOA,Google Play,POSITIVE,0.9997438788414001,Other
Make it easy and convienient to use and perfect for all to high prefrence and choice.,3,2025-02-07,BOA,Google Play,POSITIVE,0.9997236132621765,UI/UX
good,5,2025-02-05,BOA,Google Play,POSITIVE,0.9998161196708679,Other
üá™üáπüá™üáπüá™üáπüá™üáπüá™üáπüá™üáπüëçüëçüëçüëçüëçüëçüëç,5,2025-02-04,BOA,Google Play,NEGATIVE,0.6970566511154175,Other
I have been using this app for two years.It is amazing.,5,2025-01-31,BOA,Google Play,POSITIVE,0.9998595714569092,UI/UX
Good üëç,5,2025-01-31,BOA,Google Play,POSITIVE,0.9998576641082764,Other
Sad experience,1,2025-01-30,BOA,Google Play,NEGATIVE,0.9990687966346741,Other
Always do update and that is annoying,3,2025-01-27,BOA,Google Play,NEGATIVE,0.9994439482688904,Other
"Best app, somehow waiting a few minutes",5,2025-01-23,BOA,Google Play,NEGATIVE,0.6387050747871399,UI/UX
I can't dijitalize my atm in the apollo app on my phone,1,2025-01-22,BOA,Google Play,NEGATIVE,0.9946038126945496,UI/UX
Whenever I try to sign in app close please fixed it out,2,2025-01-21,BOA,Google Play,NEGATIVE,0.9976611137390137,UI/UX
Beter,5,2025-01-21,BOA,Google Play,POSITIVE,0.6771947741508484,Other
Boa,4,2025-01-18,BOA,Google Play,NEGATIVE,0.74105304479599,Other
·â†·å£·àù ·ã®·àö·ã´·àµ·å†·àã ·ä†·çï ·â†·å£·àù ·ã®·ãà·à®·ã∞ ·ãú·àÆ ·äê·ãç ·ã®·àù·à∞·å†·ãç ·ãò·àÆ It's not App it's very slow ehhhh. Why don't you upgrade the app???? It's always zero,1,2025-01-18,BOA,Google Play,NEGATIVE,0.9979276657104492,"UI/UX, Performance"
Aadan Axmed Barkhadle,5,2025-01-17,BOA,Google Play,POSITIVE,0.612751841545105,Other
üò°üò°üò°ü§¨ü§¨ü§¨,1,2025-01-16,BOA,Google Play,NEGATIVE,0.6970566511154175,Other
Horrible customer service and app crashes Horrible!!,1,2025-01-15,BOA,Google Play,NEGATIVE,0.9997913241386414,"UI/UX, Customer Support, Performance"
I love it,5,2025-01-14,BOA,Google Play,POSITIVE,0.9998799562454224,Other
Best,5,2025-01-14,BOA,Google Play,POSITIVE,0.9997941851615906,Other
It keeps asking me to turn off developer mode even when dev mode is off. Couldn't use it.,1,2025-01-13,BOA,Google Play,NEGATIVE,0.9985793828964233,UI/UX
Goodüôè,5,2025-01-11,BOA,Google Play,NEGATIVE,0.6970566511154175,Other
Like to much,5,2025-01-11,BOA,Google Play,POSITIVE,0.9997984766960144,Other
Thank you,5,2025-01-10,BOA,Google Play,POSITIVE,0.9998352527618408,Other
Perfect,5,2025-01-09,BOA,Google Play,POSITIVE,0.9998517036437988,Other
The best of best,5,2025-01-09,BOA,Google Play,POSITIVE,0.9998393058776855,Other
I was using this app for long time it amazing user friendly UI but the i can't found for get pin button in the app,3,2025-01-07,BOA,Google Play,NEGATIVE,0.9016597867012024,UI/UX
Boa,5,2025-01-06,BOA,Google Play,NEGATIVE,0.74105304479599,Other
Great üëç,5,2025-01-04,BOA,Google Play,POSITIVE,0.9997692704200745,Other
Fast and suitable for the customers.,5,2025-01-04,BOA,Google Play,POSITIVE,0.9997920393943787,Other
Good üëç,5,2025-01-03,BOA,Google Play,POSITIVE,0.9998576641082764,Other
Good app and helpful,5,2025-01-03,BOA,Google Play,POSITIVE,0.9998565912246704,"UI/UX, Customer Support"
"I will give only one star, because it faced with multiple of problems. 1. The app is not as fast as the other banks App, for e.g like CBE 2. The App asks repeatedly to switch off developer options, even if it is switched off. 3. Bank of Abyssinia's services are interesting, but they ignored the issues on the App service. 4. Most customers gave a complain on the App, but no one accept their complain to fix the issue. 5. Lastly, I will not recommend the App unless the issue has been solved ASAP!!",1,2025-01-03,BOA,Google Play,NEGATIVE,0.9978498220443726,"UI/UX, Customer Support"
By assessing this you can tell Abyssinia bank has no idea what mobile banking is ?,1,2025-01-02,BOA,Google Play,NEGATIVE,0.9992759823799133,Other
It doesn't work at all.,2,2025-01-02,BOA,Google Play,NEGATIVE,0.9997771382331848,Other
this app is not available,1,2025-01-02,BOA,Google Play,NEGATIVE,0.9997593760490417,UI/UX
Best,5,2025-01-01,BOA,Google Play,POSITIVE,0.9997941851615906,Other
Wow what amazing,5,2024-12-30,BOA,Google Play,POSITIVE,0.9998555183410645,Other
love it,5,2024-12-30,BOA,Google Play,POSITIVE,0.9998753070831299,Other
·â†·å£·àù ·àò·àª·àª·àç ·ä†·àà·â†·âµ....... ·àà ·â£·äï·ä© ·àõ·ã≠·àò·å•·äï ·àò·â∞·åç·â†·à≠·ã´ ·äê·ãç ::,2,2024-12-30,BOA,Google Play,NEGATIVE,0.9733067750930786,Other
Lemn embi yilal??,5,2024-12-30,BOA,Google Play,NEGATIVE,0.9906971454620361,Other
Good,5,2024-12-30,BOA,Google Play,POSITIVE,0.9998161196708679,Other
It's useless app downgraded.,1,2024-12-29,BOA,Google Play,NEGATIVE,0.9998070597648621,UI/UX
Why is not letting me access my account. The whole point of this app is for me to gey access to my account without physically being at the bank. I would give it a zero but a one will suffice to get my point accross.,1,2024-12-27,BOA,Google Play,NEGATIVE,0.7652372717857361,"Account Access, UI/UX"
Nice,5,2024-12-26,BOA,Google Play,POSITIVE,0.9998552799224854,Other
When are you going to get rid of this and have a real app that works? By far the worst mobile banking app.,1,2024-12-24,BOA,Google Play,NEGATIVE,0.9997933506965637,UI/UX
·ä†·ã≠·à∞·à´·àù ·àº·àù ·äê·ãç·ç§,1,2024-12-23,BOA,Google Play,NEGATIVE,0.8616330027580261,Other
Not that much bad,3,2024-12-22,BOA,Google Play,POSITIVE,0.9988158941268921,Other
Fine,5,2024-12-20,BOA,Google Play,POSITIVE,0.9998335838317871,Other
The dirtiest application ever seen...,1,2024-12-20,BOA,Google Play,NEGATIVE,0.9954877495765686,UI/UX
Nic ap,5,2024-12-19,BOA,Google Play,POSITIVE,0.9873360991477966,Other
The forest app ever,1,2024-12-19,BOA,Google Play,POSITIVE,0.9840954542160034,UI/UX
"I love BoA more than anyone but they are cursed when it comed to mobile banking. Even though this ine is hetter it still s*cks! It will ask me to turn off developer options other wise it won't work! I use CBE, Awash birr, tekebirr, Dashen bank and others but non of them asked me this, why only BoA? Please improve your mobile banking, be competitive!",1,2024-12-19,BOA,Google Play,NEGATIVE,0.9967040419578552,UI/UX
Bank of abissena,1,2024-12-17,BOA,Google Play,POSITIVE,0.9480117559432983,Other
Good,3,2024-12-16,BOA,Google Play,POSITIVE,0.9998161196708679,Other
"Easy and sooo simple to use it, also its easy to stole someones money using the app",3,2024-12-16,BOA,Google Play,NEGATIVE,0.9888866543769836,UI/UX
GOOD,5,2024-12-14,BOA,Google Play,POSITIVE,0.9998161196708679,Other
The worst banking app ever. Never works!,1,2024-12-14,BOA,Google Play,NEGATIVE,0.9998007416725159,UI/UX
Poorly functioning app,3,2024-12-13,BOA,Google Play,NEGATIVE,0.999775230884552,UI/UX
Very nice,5,2024-12-13,BOA,Google Play,POSITIVE,0.9998563528060913,Other
Your system is the worst you should do betterüò°üò°üò°üò°üò°üò°,2,2024-12-11,BOA,Google Play,NEGATIVE,0.9998007416725159,Other
It has been a while since you guys started giving the mobile app service but still couldn't get it to work. I'm sure you know that it doesn't work already but not sure if you're lazy or incompetent to fix it. You are losing business because of this. Complacency will have consequences.,1,2024-12-10,BOA,Google Play,NEGATIVE,0.9997615218162537,"UI/UX, Customer Support"
"This is the best app; many features are awesome, but it should work without the need to turn off the developer options. I'm tired of having to constantly switch the developer options off and on. I've been expressing my struggles about this. I have precious settings enabled in the developer options, and to open the App Boa app, I have to turn them off. Please help us, Abyssinia Bank. I hope you can provide an update soon.",4,2024-12-08,BOA,Google Play,POSITIVE,0.9543284177780151,"UI/UX, Customer Support"
"I‚Äôm giving this app one star because there are no options below that. My experience has been incredibly frustrating due to the extremely long loading times, and the app even closes automatically at times. People choose mobile banking for its convenience, but this app is far too time-consuming, making it the worst I‚Äôve used. I hope improvements are made to enhance the user experience.",1,2024-12-07,BOA,Google Play,NEGATIVE,0.9997000694274902,UI/UX
Nice,5,2024-12-07,BOA,Google Play,POSITIVE,0.9998552799224854,Other
Very unprofessional and mischievous bank in my opinion. I have had several occasions but recently I used Abyssinia Card to withdraw money and it was deducted from my account but despite reporting several times they said they are processing it but I learned yesterday that since it has been 3 months the bank has decided to include it in their income. How absurd. If you can avoid this bank.,1,2024-12-06,BOA,Google Play,NEGATIVE,0.9941067695617676,"Account Access, UI/UX"
It doesn't work on my 2 devices A05 and A34 üò°,1,2024-12-02,BOA,Google Play,NEGATIVE,0.9996792078018188,Other
It's better to say I don't use boa rather than pulling your phone out and opening this app,1,2024-12-01,BOA,Google Play,NEGATIVE,0.9981752634048462,UI/UX
My attention is very important because it will be the most difficult time for me,5,2024-11-30,BOA,Google Play,POSITIVE,0.9926175475120544,UI/UX
"I have a worst experience while using this mobile application through out the year. Most of the time it fails to ""Login"" or automatically closed the app. And also it takes so much loading time (5 minutes +) trying to access the internal services. Sometimes also while transferring within and to other bank also fails. So, BOA please fix your app.",1,2024-11-29,BOA,Google Play,NEGATIVE,0.9998001456260681,"Account Access, Transactions, UI/UX, Customer Support"
I don't know why but your apps start out great then all of a sudden don't workü§∑‚Äç‚ôÄÔ∏è,1,2024-11-28,BOA,Google Play,POSITIVE,0.8064306974411011,UI/UX
This application is losing major factions on a daily basis. I can count how many times I have used this app; it is completely useless and disappointing if I am not going to use it in times of need then I don't see the point.,1,2024-11-28,BOA,Google Play,NEGATIVE,0.9997996687889099,UI/UX
exellent digital transaction of money,5,2024-11-26,BOA,Google Play,NEGATIVE,0.9944479465484619,Transactions
The latest update has stopped android 9 phones not to open this App. Never work properly since i started using it.,1,2024-11-26,BOA,Google Play,NEGATIVE,0.9997497200965881,UI/UX
Best,5,2024-11-25,BOA,Google Play,POSITIVE,0.9997941851615906,Other
Great,5,2024-11-25,BOA,Google Play,POSITIVE,0.9998630285263062,Other
üëèüëèüëè,5,2024-11-24,BOA,Google Play,NEGATIVE,0.6970566511154175,Other
Money,5,2024-11-24,BOA,Google Play,POSITIVE,0.9659326076507568,Other
It needs more improvment,2,2024-11-24,BOA,Google Play,NEGATIVE,0.998616099357605,Other
Hey Google,5,2024-11-21,BOA,Google Play,POSITIVE,0.9950044751167297,Other
Good app,5,2024-11-21,BOA,Google Play,POSITIVE,0.9998493194580078,UI/UX
ab,3,2024-11-20,BOA,Google Play,POSITIVE,0.9603193998336792,Other
Ademtahir,5,2024-11-20,BOA,Google Play,POSITIVE,0.9930111765861511,Other
‚úåÔ∏è‚úåÔ∏è,5,2024-11-20,BOA,Google Play,NEGATIVE,0.6970566511154175,Other
Please this app on my android phone,3,2024-11-20,BOA,Google Play,POSITIVE,0.6488662958145142,UI/UX
GOAT üêê üêê,5,2024-11-19,BOA,Google Play,NEGATIVE,0.9337347149848938,Other
"Your app doesn't match your bank, the app is disaster, super slow. Please learn something from tele birr app.",1,2024-11-19,BOA,Google Play,NEGATIVE,0.9994460940361023,"UI/UX, Performance"
Fast and reliable,5,2024-11-18,BOA,Google Play,POSITIVE,0.9998595714569092,Other
"The worst app update ever. Why would you include the ""developer option off"" thing here? Why do you care? It is my phone my money, right? That is the reason why I switched to other banks. So either turn it off or everyone will discontinue their business one by one.",1,2024-11-17,BOA,Google Play,NEGATIVE,0.9998020529747009,UI/UX
Very good,5,2024-11-14,BOA,Google Play,POSITIVE,0.9998520612716675,Other
One of the poorest mobile banking system,1,2024-11-13,BOA,Google Play,NEGATIVE,0.9997566342353821,Other
‚ù§‚ù§‚ù§‚ù§‚ù§‚ù§,5,2024-11-12,BOA,Google Play,NEGATIVE,0.6970566511154175,Other
Oene,5,2024-11-12,BOA,Google Play,POSITIVE,0.8278858661651611,Other
i find it interesting specially in reciept downloading,1,2024-11-12,BOA,Google Play,POSITIVE,0.9981314539909363,Other
it good,5,2024-11-12,BOA,Google Play,POSITIVE,0.9998427629470825,Other
"This app crashes everytime, please fix it",1,2024-11-12,BOA,Google Play,NEGATIVE,0.9996472597122192,"UI/UX, Performance"
·ä†·äï·ãµ star ·à´·à± ·ã≠·â†·ãõ·â†·â≥·àç·ç¢ i dont recomend to use this app also the bank,1,2024-11-12,BOA,Google Play,NEGATIVE,0.9964038133621216,UI/UX
I need a support the app is not working,5,2024-11-12,BOA,Google Play,NEGATIVE,0.9998034834861755,"UI/UX, Customer Support"
Bast bank of ethiopia,5,2024-11-12,BOA,Google Play,POSITIVE,0.9978061318397522,Other
Good,5,2024-11-12,BOA,Google Play,POSITIVE,0.9998161196708679,Other
very slow app. ·ä†·â¢·à≤·äí·ã´·äï ·ä®·àö·ã´·ä≠·àç ·â£·äï·ä≠ ·ã®·àõ·ã≠·å†·â†·âÖ software app. ·ä®·âª·àã·âΩ·àÅ ·àô·àâ ·àà·àô·àâ ·ä•·äï·ã∞·åà·äì ·ä†·à∞·à©·âµ·ç¢·â†·å£·àù ·ã≠·àò·à´·ã´·àç ·ã´·à≥·çç·à´·àç·ç¢·ààapp ·ã®·ãà·å£·ãç ·ãà·å≠ ·â†·àô·àµ·äì ·ã®·â∞·â†·àã ·äê·ãç ·ã®·àö·àò·àµ·àà·ãç·ç¢,1,2024-11-12,BOA,Google Play,NEGATIVE,0.9990527033805847,"UI/UX, Performance"
"thank you for your social services like, vertual banking, non touch ATM, Cadrless and withdrwal with out passbook...",5,2024-11-12,BOA,Google Play,POSITIVE,0.9878897070884705,Customer Support
The worst App i have never seen like this before,1,2024-11-12,BOA,Google Play,NEGATIVE,0.999774158000946,UI/UX
Wweeeer,4,2024-11-12,BOA,Google Play,NEGATIVE,0.8910733461380005,Other
Infinx,5,2024-11-12,BOA,Google Play,NEGATIVE,0.9042560458183289,Other
Great service,5,2024-11-12,BOA,Google Play,POSITIVE,0.9998434782028198,Customer Support
üëç,5,2024-11-11,BOA,Google Play,NEGATIVE,0.6970566511154175,Other
This app is not available on all android versions and some times it is not functional.,1,2024-11-08,BOA,Google Play,NEGATIVE,0.9997187256813049,UI/UX
senayt Mesfin,4,2024-11-08,BOA,Google Play,POSITIVE,0.8874823451042175,Other
Bad app vety bad.,1,2024-11-07,BOA,Google Play,NEGATIVE,0.9998058676719666,UI/UX
Nice,5,2024-11-06,BOA,Google Play,POSITIVE,0.9998552799224854,Other
Abessnya Banke,5,2024-11-05,BOA,Google Play,NEGATIVE,0.9873653054237366,Other
"The most useless app, I never expected such an irrelevant app from BOA. big shame!",1,2024-11-04,BOA,Google Play,NEGATIVE,0.9997209906578064,UI/UX
Okay,5,2024-11-03,BOA,Google Play,POSITIVE,0.9997709393501282,Other
Professional on banking app,5,2024-11-01,BOA,Google Play,POSITIVE,0.9616296291351318,UI/UX
Has some nice interface but always freezes or slow to load .App developers please fix this issue.,3,2024-10-27,BOA,Google Play,NEGATIVE,0.993607759475708,"UI/UX, Performance"
·ä†·ã≠·à∞·à´·àù ·ä†·àµ·â∞·ä´·ä≠·àâ·âµ,5,2024-10-26,BOA,Google Play,NEGATIVE,0.7850591540336609,Other
Please try another because this app doesn't feet the need of this generation,1,2024-10-25,BOA,Google Play,NEGATIVE,0.9962698221206665,UI/UX
Good,4,2024-10-25,BOA,Google Play,POSITIVE,0.9998161196708679,Other
Fast transfer,5,2024-10-24,BOA,Google Play,POSITIVE,0.9989985823631287,Transactions
"What's up I can't log in, what's wrong",5,2024-10-22,BOA,Google Play,NEGATIVE,0.9989662170410156,Other
Amrumehamed,1,2024-10-21,BOA,Google Play,POSITIVE,0.6924042701721191,Other
Good,5,2024-10-19,BOA,Google Play,POSITIVE,0.9998161196708679,Other
"Nice to meet you my proud bank in Ethiopia.. I'm a member of this bank, i need to solve my problem of international receiving money for me from my online digital working service's over the world please? I'm working a lot of international money.But i can't get direct in Ethiopia because of don't knowing the legal ways of getting money in Ethiopia please can I get and direct deposit with BoA please üôèüôèüôè?",5,2024-10-18,BOA,Google Play,POSITIVE,0.9683735966682434,"UI/UX, Customer Support"
Very good,5,2024-10-18,BOA,Google Play,POSITIVE,0.9998520612716675,Other
·ã∞·ã∞·åà·äê·àê,5,2024-10-15,BOA,Google Play,NEGATIVE,0.6970566511154175,Other
"Terrible Bank Experience It‚Äôs unbelievable that with all the modern technology, this bank still struggles with even basic transactions. The app constantly crashes, services are limited, and every time I try to transfer money or load Telebirr, there‚Äôs a huge delay. I have to wait 5 days for failed transactions to be refunded! Even USSD is unreliable. They‚Äôve put me in embarrassing situations countless times, and customer care never fixes anything. I‚Äôve switched banks, and you should too!",1,2024-10-14,BOA,Google Play,NEGATIVE,0.9995194673538208,"Transactions, UI/UX, Customer Support, Performance"
A painfully slow banking app service. Please don't make it your choice!,1,2024-10-13,BOA,Google Play,NEGATIVE,0.999660849571228,"UI/UX, Customer Support, Performance"
Good App,4,2024-10-12,BOA,Google Play,POSITIVE,0.9998493194580078,UI/UX
Best app to me,5,2024-10-11,BOA,Google Play,POSITIVE,0.9978218078613281,UI/UX
BOA,5,2024-10-11,BOA,Google Play,NEGATIVE,0.74105304479599,Other
Abdulkadir,5,2024-10-11,BOA,Google Play,POSITIVE,0.981449544429779,Other
Bad,1,2024-10-10,BOA,Google Play,NEGATIVE,0.999782383441925,Other
If it is possible I would gove0 star,1,2024-10-08,BOA,Google Play,NEGATIVE,0.9928192496299744,Other
Nise mobile bankig,4,2024-10-05,BOA,Google Play,NEGATIVE,0.9858755469322205,Other
Overall good app but performance needs some improvement also sometimes when using instant other bank transfers it refuses causing to be repeated several times to transfer,4,2024-10-04,BOA,Google Play,NEGATIVE,0.9532791972160339,"Transactions, UI/UX"
Ok,5,2024-10-04,BOA,Google Play,POSITIVE,0.9997851252555847,Other
Just make it work pleaseü§£ this is embarrassing for a bank of your size,1,2024-10-04,BOA,Google Play,NEGATIVE,0.9992843270301819,Other
Update to the simplest way it requires the developer option on and off why this is,5,2024-10-04,BOA,Google Play,NEGATIVE,0.998016357421875,Other
"Stop telling me what to do with my phone, BOA. Why does your newly updated app keep asking me to disable the developer options? I‚Äôm not slowing down my phone just to use your God damn app. ü§Æü§Æü§Æü§Æ",1,2024-10-04,BOA,Google Play,NEGATIVE,0.9964292645454407,"UI/UX, Performance"
I'm living out of country how may I download and use mobile banking? It asks me the Ethiopia phone number and I can't receive text to confirm because I'm out side the country. So please lete know if I can use while I'm outside the country. Thanks,1,2024-10-04,BOA,Google Play,NEGATIVE,0.6597367525100708,UI/UX
Good,3,2024-10-03,BOA,Google Play,POSITIVE,0.9998161196708679,Other
Worest app,1,2024-10-03,BOA,Google Play,NEGATIVE,0.7789779305458069,UI/UX
The worest app ever,1,2024-10-03,BOA,Google Play,POSITIVE,0.9535900950431824,UI/UX
·ä†·à™·çç ·äê·ãç ·â†·à≠·â±·àç·äï,5,2024-10-02,BOA,Google Play,NEGATIVE,0.8337253928184509,Other
Wwwerrr,5,2024-10-02,BOA,Google Play,NEGATIVE,0.8502517938613892,Other
·åÄ·àõ·àç ·ãç·âÄ·â±,5,2024-09-30,BOA,Google Play,NEGATIVE,0.7850591540336609,Other
Great For Financial company,5,2024-09-30,BOA,Google Play,POSITIVE,0.9998703002929688,Other
Very easy to use,5,2024-09-30,BOA,Google Play,POSITIVE,0.9991422891616821,UI/UX
The App's crash always.. Error.....,3,2024-09-27,BOA,Google Play,NEGATIVE,0.9996880292892456,"UI/UX, Performance"
This app is incredibly frustrating to use. It‚Äôs filled with issues that make it difficult to navigate and complete tasks efficiently. I‚Äôve never encountered such a poorly designed banking application before. It needs significant improvements to enhance user experience. It deserves a vey low rating.,1,2024-09-26,BOA,Google Play,NEGATIVE,0.998582124710083,UI/UX
nice,5,2024-09-26,BOA,Google Play,POSITIVE,0.9998552799224854,Other
Great UI and seamless UX. I love it!!,5,2024-09-25,BOA,Google Play,POSITIVE,0.9998557567596436,Other
That's too good application but try to add more alternatives and futures or possibilitys for your customers,3,2024-09-25,BOA,Google Play,NEGATIVE,0.9941336512565613,UI/UX
It's easy used to operate program and secured üëçüëç,4,2024-09-25,BOA,Google Play,NEGATIVE,0.9652976989746094,UI/UX
I bought a mobile card on this app but I didn't receive it and it took my money and I didn't get my money back.,1,2024-09-21,BOA,Google Play,NEGATIVE,0.9994741082191467,UI/UX
Amazing,5,2024-09-19,BOA,Google Play,POSITIVE,0.999875545501709,Other
Great app with great services,5,2024-09-19,BOA,Google Play,POSITIVE,0.9998226761817932,"UI/UX, Customer Support"
Yes active user,5,2024-09-17,BOA,Google Play,POSITIVE,0.9983929991722107,UI/UX
Shameful,1,2024-09-17,BOA,Google Play,NEGATIVE,0.998016357421875,Other
The worest app ever made i would not recommende for no one,1,2024-09-16,BOA,Google Play,NEGATIVE,0.5611279010772705,UI/UX
Good application,5,2024-09-16,BOA,Google Play,POSITIVE,0.999854564666748,UI/UX
I like,5,2024-09-16,BOA,Google Play,POSITIVE,0.9998149275779724,Other
Good,5,2024-09-16,BOA,Google Play,POSITIVE,0.9998161196708679,Other
"How many hours should I wait after transferring money to telebirr, please do something about the transfer delay issue I need my money when ever.",1,2024-09-15,BOA,Google Play,NEGATIVE,0.9988893866539001,Transactions
"BOA is unreasonably holding and delaying transactions for more than a day, even transactions within the same bank itself. This is a huge gap that I observed in BOA mobile banking. I didn't experience this kind of challenge while having transactions in other banks' mobile banking platforms. After waiting so long, I called your customer support team and the response they gave me was ""it was the system that holds the transaction & will be released on working days"". This is not totally fair.",1,2024-09-15,BOA,Google Play,NEGATIVE,0.9993953704833984,"Transactions, Customer Support"
·ã®·ä•·à≠·àµ·ãé·äï ·â∞·àû·ä≠·àÆ ·ã≠·åç·àà·åπ (·ä†·àõ·à´·å≠),5,2024-09-14,BOA,Google Play,NEGATIVE,0.8698037266731262,Other
It's not working. It needs a big update. Can't you update the app quickly?,1,2024-09-14,BOA,Google Play,NEGATIVE,0.9997778534889221,UI/UX
"I am Aimohon Joel , It's can be Good for a Better Conversation in Time üôÇ",3,2024-09-13,BOA,Google Play,NEGATIVE,0.9925205707550049,Other
"Better app than most mobile apps, but why do I have to turn off developer option every time I wanna use the app?? It's annoying.",1,2024-09-13,BOA,Google Play,NEGATIVE,0.9993253946304321,UI/UX
Bes and freindly app,5,2024-09-13,BOA,Google Play,NEGATIVE,0.9136509895324707,UI/UX
It doesn't work.,1,2024-09-12,BOA,Google Play,NEGATIVE,0.9997761845588684,Other
"It say ""The request was not successful. please check device connectivity or try again"" why? One of the bank manager told me it is because of my phone's android version which is 9.1 It is ridiculous! Disappointing",1,2024-09-11,BOA,Google Play,NEGATIVE,0.9997968077659607,UI/UX
How to download or screenshot of payment receipt...what kinda worst app ever ü§Æü§Æü§¢,1,2024-09-11,BOA,Google Play,NEGATIVE,0.9998114705085754,"Transactions, UI/UX"
Good,5,2024-09-10,BOA,Google Play,POSITIVE,0.9998161196708679,Other
Smart technology,5,2024-09-10,BOA,Google Play,POSITIVE,0.9998468160629272,Other
Yegema app tishü™®,1,2024-09-08,BOA,Google Play,NEGATIVE,0.9501880407333374,UI/UX
Ok,5,2024-09-07,BOA,Google Play,POSITIVE,0.9997851252555847,Other
"This is not an appropriate app, i don't know how boa develops this app, i don't expect this much crazy and un confortable app form BOA, I'm soory!!!",1,2024-09-07,BOA,Google Play,NEGATIVE,0.9996864795684814,UI/UX
"Shockingly bad! Even when it decides to work, it's painfully slow and frustrating. Such a shame that it has become a stain on an extraordinary bank",1,2024-09-06,BOA,Google Play,NEGATIVE,0.9997275471687317,Performance
"It crashes frequently. It launches on Android 8.1 but I don't think it actually works on versions less than 10. If so, it shouldn't be available for download by such devices to begin with, like many other finance apps are not. It was so much better three months ago, upgrades should be for the better.",1,2024-09-06,BOA,Google Play,NEGATIVE,0.999210000038147,"UI/UX, Performance"
Awesome application. But lately its crashing everytime i opened it.,4,2024-09-05,BOA,Google Play,NEGATIVE,0.9127689599990845,"UI/UX, Performance"
·ä•·åÖ·àù ·â†·å£·àù ·ã∞·ä´·àõ ·ä†·çï ·äê·ãç ·à≤·çà·àç·åç ·ã≠·ä®·çç·â≥·àç ·à≤·çà·àç·åç ·ä†·ã≠·ä®·çç·âµ·àù ·ä®·ä†·ãã·àΩ ·ä•·äì ·äï·åç·ãµ ·â£·äï·ä≠ ·ã®·àò·à≥·à∞·àâ ·â£·äï·äÆ·âΩ ·à≤·ãà·ã≥·ã∞·à≠ ·àû·â£·ã≠·àç ·â£·äï·ä™·äï·åç App ·ä•·åÖ·åç ·ã®·àö·ã´·â†·à≥·å≠ ·äê·ãç ·àà·ãç·å• ·ã´·àµ·çà·àç·åã·âΩ·äã·àç,1,2024-09-05,BOA,Google Play,NEGATIVE,0.9639250636100769,UI/UX
good,5,2024-09-05,BOA,Google Play,POSITIVE,0.9998161196708679,Other
Fast one,3,2024-09-04,BOA,Google Play,POSITIVE,0.9994491934776306,Other
Nice looking app but a terrible user experience.,1,2024-09-03,BOA,Google Play,NEGATIVE,0.9958102703094482,UI/UX
The worest MB app ever!!üôÑ,1,2024-09-02,BOA,Google Play,NEGATIVE,0.8734647035598755,UI/UX
Very good,5,2024-09-01,BOA,Google Play,POSITIVE,0.9998520612716675,Other
It is ok,5,2024-09-01,BOA,Google Play,POSITIVE,0.9998496770858765,Other
Plz fix the Apps ....screenshot lovation hide from glarey share botten not worküòîüòî,1,2024-08-30,BOA,Google Play,NEGATIVE,0.9987314343452454,UI/UX
Good,5,2024-08-30,BOA,Google Play,POSITIVE,0.9998161196708679,Other
Apollo's,1,2024-08-29,BOA,Google Play,POSITIVE,0.9974138736724854,Other
The worst experience ever,1,2024-08-29,BOA,Google Play,NEGATIVE,0.999792754650116,Other
Hussenaliumar,5,2024-08-29,BOA,Google Play,NEGATIVE,0.6654528975486755,Other
Good,3,2024-08-28,BOA,Google Play,POSITIVE,0.9998161196708679,Other
Hi I have problem with this App BOA mobile I don't know what is wrong with this App I did many times download but it's sam doesn't work if sam like that this app way I have to be customer with them how I know my account and checking save The book is no Not enough alone,1,2024-08-28,BOA,Google Play,NEGATIVE,0.999367892742157,"Account Access, UI/UX"
It is not work for my device,5,2024-08-27,BOA,Google Play,NEGATIVE,0.9997636675834656,Other
"I'm Sick and tiered of enabling and disabling Developer Option Everytime I use this app. maybe you know it maybe you dont, fix it please it's anoying",1,2024-08-26,BOA,Google Play,NEGATIVE,0.9990233182907104,UI/UX
The worst app ever,1,2024-08-26,BOA,Google Play,NEGATIVE,0.9997934699058533,UI/UX
Good,5,2024-08-26,BOA,Google Play,POSITIVE,0.9998161196708679,Other
Betanya Gebre,3,2024-08-23,BOA,Google Play,POSITIVE,0.8911885619163513,Other
I dont recommand it to any one,1,2024-08-23,BOA,Google Play,NEGATIVE,0.9855504035949707,Other
Good,5,2024-08-22,BOA,Google Play,POSITIVE,0.9998161196708679,Other
Excellent app,5,2024-08-21,BOA,Google Play,POSITIVE,0.9998356103897095,UI/UX
"The application used to work well. But after updates I'm not able to use the forgot password feature, which is blocking me from accessing it as a whole.",1,2024-08-20,BOA,Google Play,NEGATIVE,0.9988825917243958,"Account Access, UI/UX"
·âµ·à≠·àÉ·àµ,5,2024-08-19,BOA,Google Play,NEGATIVE,0.6970566511154175,Other
Gio,4,2024-08-19,BOA,Google Play,POSITIVE,0.9969680905342102,Other
App isn't working,1,2024-08-18,BOA,Google Play,NEGATIVE,0.9995692372322083,UI/UX
Best app,5,2024-08-18,BOA,Google Play,POSITIVE,0.999686598777771,UI/UX
so far good but always it lugs,3,2024-08-17,BOA,Google Play,NEGATIVE,0.982947051525116,Other
Don't trust this bank and its service.,1,2024-08-16,BOA,Google Play,NEGATIVE,0.9996311664581299,Customer Support
"I can not open and use the application,please help me!",5,2024-08-15,BOA,Google Play,NEGATIVE,0.9995014667510986,"UI/UX, Customer Support"
Horrible,1,2024-08-14,BOA,Google Play,NEGATIVE,0.9997841715812683,Other
Mostly not working üòë,1,2024-08-14,BOA,Google Play,NEGATIVE,0.9995824694633484,Other
Good,5,2024-08-13,BOA,Google Play,POSITIVE,0.9998161196708679,Other
Awesome üëå,5,2024-08-12,BOA,Google Play,POSITIVE,0.9998607635498047,Other
"Despite the enhanced technology you have, the application doesn't work properly, and it asks for the developer option to be turned off, fix that.",3,2024-08-12,BOA,Google Play,NEGATIVE,0.9997915625572205,UI/UX
Thank you,3,2024-08-12,BOA,Google Play,POSITIVE,0.9998352527618408,Other
Very poor app b/c highly slow to open the app,1,2024-08-12,BOA,Google Play,NEGATIVE,0.9998080134391785,"UI/UX, Performance"
Ok,5,2024-08-12,BOA,Google Play,POSITIVE,0.9997851252555847,Other
best,1,2024-08-11,BOA,Google Play,POSITIVE,0.9997941851615906,Other
Best app,5,2024-08-11,BOA,Google Play,POSITIVE,0.999686598777771,UI/UX
Wedi Tekle .,5,2024-08-11,BOA,Google Play,NEGATIVE,0.84212726354599,Other
Bad appüì±üëéüëéüëé,1,2024-08-11,BOA,Google Play,NEGATIVE,0.9997676014900208,UI/UX
Dura nan fayyadaman ture amma garuu naaf hojjechaa hin jiru maaf?,5,2024-08-11,BOA,Google Play,NEGATIVE,0.9956488013267517,Other
Nice appp,5,2024-08-11,BOA,Google Play,POSITIVE,0.9997910857200623,UI/UX
·à∞·àã·àù ·ä†·â¢·à≤·äí·ã´·ãé·âΩ ·ã®·àû·â£·ã≠·àç ·â£·äï·ä™·äï·åã·âΩ·àÅ ·â∞·å†·âÉ·àö ·äê·äù ·ä†·åà·àç·åç·àé·â±·äï ·àµ·àã·àµ·åÄ·àò·à´·âΩ·àÅ·àà·äï ·ä•·äì·àò·à∞·åç·äì·àà·äï·ç¢ ·äê·åà·à≠ ·åç·äï ·ä†·àà·çé ·ä†·àç·çé ·ã®·äê·â†·à®·ãç ·ã®·àõ·àµ·çà·äï·å†·à™·ã´·ãç ·â†·ä†·åç·â£·â° ·ä†·àà·àò·àµ·à´·âµ ·ä†·àç·çé ·ä†·àç·çé ·ãà·ã∞·àò·àµ·à´·âµ ·â∞·âÄ·ã≠·àØ·àç ·ãµ·àÆ ·ä•·äï·ã∞·äê·â†·à´·âΩ·àÅ ·ä•·äì·ãç·âÉ·àà·äï ·ãò·äï·ãµ·àÆ·àù ·â•·âµ·äñ·à©·àç·äï ·ä•·äï·àò·à≠·å£·àà·äï *·ä®·ãò·àò·äï ·ä†·äï·åâ·ã∞·àç*,3,2024-08-10,BOA,Google Play,NEGATIVE,0.952187716960907,Other
Gooood app my dear,5,2024-08-09,BOA,Google Play,NEGATIVE,0.9005936980247498,UI/UX
Harun tamam galanaa,3,2024-08-09,BOA,Google Play,NEGATIVE,0.9410595893859863,Other
"A total disaster of an app. Always offline, never works, it's embarassing. I've lost hope and taken my business to a competitor",1,2024-08-08,BOA,Google Play,NEGATIVE,0.9998038411140442,UI/UX
Gamebela,1,2024-08-08,BOA,Google Play,POSITIVE,0.8994185328483582,Other
so poor app to use can't start up when open the app,1,2024-08-08,BOA,Google Play,NEGATIVE,0.9997444748878479,UI/UX
"This app takes too long time to be opened. And even it is not working simply as other banks application. Why this app does not give a digital invoice. Even, I am not able to find where the screeshot is kept after transaction. So, please the developer should fix all these.",1,2024-08-07,BOA,Google Play,NEGATIVE,0.9987001419067383,"Transactions, UI/UX"
Good job,5,2024-08-07,BOA,Google Play,POSITIVE,0.999835729598999,Other
"Worst app ever, not user friendly, even doesn't serve basic functionality correctly, takes to much time to login and navigate through the app, we expected more from this bank",1,2024-08-07,BOA,Google Play,NEGATIVE,0.9998094439506531,"Account Access, UI/UX"
good,3,2024-08-07,BOA,Google Play,POSITIVE,0.9998161196708679,Other
Good,5,2024-08-07,BOA,Google Play,POSITIVE,0.9998161196708679,Other
Bad app .,1,2024-08-06,BOA,Google Play,NEGATIVE,0.9997915625572205,UI/UX
"I mean how could a big financial company like this, be this much irresponsible to release this app? You should be ashamed!",1,2024-08-06,BOA,Google Play,NEGATIVE,0.9994394183158875,UI/UX
Review,5,2024-08-06,BOA,Google Play,POSITIVE,0.9946893453598022,Other
Goood,4,2024-08-06,BOA,Google Play,NEGATIVE,0.9943867921829224,Other
Ok,5,2024-08-06,BOA,Google Play,POSITIVE,0.9997851252555847,Other
üëéüëéüëéüëéüëéüëéüëéüëéüëé,1,2024-08-05,BOA,Google Play,NEGATIVE,0.6970566511154175,Other
Is it necessary to switch off developer options every time to use mobile banking?ü§îü§îüò°üò°üò°,1,2024-08-04,BOA,Google Play,NEGATIVE,0.99793541431427,UI/UX
The previous version is better it doesn't work,1,2024-08-04,BOA,Google Play,NEGATIVE,0.9997755885124207,Other
"I don't know what is wrong with BOA as a bank in general. It's been going backwards since last year or so. The app is a disaster to use in every possible way. Not stable to log in and very slow to perform transactions, couldn't take a screenshot (or can't even find the pictures even using its save screenshot option). Most of the time, it fails to perform transactions and so on. Simply, it's the worst!",1,2024-08-03,BOA,Google Play,NEGATIVE,0.9998201727867126,"Transactions, UI/UX, Performance"
ok,5,2024-08-03,BOA,Google Play,POSITIVE,0.9997851252555847,Other
Nice,5,2024-08-03,BOA,Google Play,POSITIVE,0.9998552799224854,Other
"Take some note from CBE mobile banking app, it's the best banking app currently take some note and improve ur app . Sometimes u have to learn from the bests üôå",1,2024-08-03,BOA,Google Play,POSITIVE,0.9958856701850891,UI/UX
Great,5,2024-08-03,BOA,Google Play,POSITIVE,0.9998630285263062,Other
It's a useless app,1,2024-08-02,BOA,Google Play,NEGATIVE,0.9998058676719666,UI/UX
"It's not working as it was , so much need to improve, it was the best but not anymore",2,2024-08-01,BOA,Google Play,NEGATIVE,0.9968530535697937,Other
Poor network,1,2024-08-01,BOA,Google Play,NEGATIVE,0.9997891783714294,Other
Not yet completely working this App. i don't know when is it will be working properly! Its Sad!!!,1,2024-07-31,BOA,Google Play,NEGATIVE,0.9993754029273987,UI/UX
The app does not open sometimes it says coonection issue which i dont have and after it opens it has bugs while using its not smooth to work with please improve it,1,2024-07-31,BOA,Google Play,NEGATIVE,0.9953023195266724,"UI/UX, Performance"
"It's not working totally, what a useless app is it,",1,2024-07-31,BOA,Google Play,NEGATIVE,0.9998171925544739,UI/UX
"This app has become the most troubling every day. It doesn't work. I love the bank, and I hate the app",1,2024-07-31,BOA,Google Play,NEGATIVE,0.9989368319511414,UI/UX
this is so disappointing app üòû,1,2024-07-30,BOA,Google Play,NEGATIVE,0.9998024106025696,UI/UX
·ä†·â¢·àµ·äí·ã´ ·ã®·àÅ·àâ·àù ·àù·à≠·å´,5,2024-07-29,BOA,Google Play,NEGATIVE,0.8337253928184509,Other
Ok,5,2024-07-29,BOA,Google Play,POSITIVE,0.9997851252555847,Other
Nays,5,2024-07-28,BOA,Google Play,NEGATIVE,0.9894010424613953,Other
The worst app,1,2024-07-28,BOA,Google Play,NEGATIVE,0.9997969269752502,UI/UX
it can't even open and only display error messages,1,2024-07-27,BOA,Google Play,NEGATIVE,0.9993472695350647,Other
not active,1,2024-07-27,BOA,Google Play,NEGATIVE,0.999765932559967,Other
To get good quality,5,2024-07-27,BOA,Google Play,POSITIVE,0.9998683929443359,Other
·ä†·ã≠·à∞·à´·àù ·ä•·äÆ ·àù·äï·ãµ·äï ·äê·ãç ·âΩ·åç·à©?,1,2024-07-26,BOA,Google Play,NEGATIVE,0.9647620320320129,Other
uselss app dont download,1,2024-07-26,BOA,Google Play,NEGATIVE,0.9977203011512756,UI/UX
"Is this app fake i try it not working it say please try again later, unable to make transactions what is the purpose of this app . If it is not working delete it",1,2024-07-25,BOA,Google Play,NEGATIVE,0.9997162222862244,"Transactions, UI/UX"
"This app didn't work. They have a new version (new app) but still not compatible with my Samsung S8+ , which is v.funny.",1,2024-07-25,BOA,Google Play,NEGATIVE,0.9991223216056824,UI/UX
Corrupted and poor app,1,2024-07-24,BOA,Google Play,NEGATIVE,0.9997439980506897,UI/UX
Good,1,2024-07-24,BOA,Google Play,POSITIVE,0.9998161196708679,Other
When I try to use the application it says 'developer setting should be off' where is the setting to off this play Still doesn't work for me,3,2024-07-24,BOA,Google Play,NEGATIVE,0.9998012185096741,UI/UX
Nice,5,2024-07-24,BOA,Google Play,POSITIVE,0.9998552799224854,Other
FIX YOUR Apollo!! You guys where the best üëå,1,2024-07-23,BOA,Google Play,POSITIVE,0.9994503855705261,Other
Always slow and doesn't work on weekends if you are in a rush or a merchant this app is not for you,1,2024-07-23,BOA,Google Play,NEGATIVE,0.9994396567344666,"UI/UX, Performance"
"It's very difficult to use the user, app,ones dawenload the user can't operate well , no one can help me,",1,2024-07-23,BOA,Google Play,NEGATIVE,0.9997815489768982,"UI/UX, Customer Support"
Poor application. It turned off by itself,1,2024-07-23,BOA,Google Play,NEGATIVE,0.9997444748878479,UI/UX
Okay,5,2024-07-23,BOA,Google Play,POSITIVE,0.9997709393501282,Other
Allowed,5,2024-07-23,BOA,Google Play,POSITIVE,0.9978752136230469,Other
It usually crashes and the reason it gives is a problem on internet connection although the internet was fine.,1,2024-07-23,BOA,Google Play,NEGATIVE,0.9991043210029602,Performance
we want international mobile banking,1,2024-07-22,BOA,Google Play,POSITIVE,0.958784818649292,Other
"screenshot isn't working, Please modify it",2,2024-07-22,BOA,Google Play,NEGATIVE,0.9996084570884705,Other
Naziriet measho 89160437,1,2024-07-21,BOA,Google Play,NEGATIVE,0.9862651228904724,Other
Ahmed Mohammed husen,3,2024-07-21,BOA,Google Play,POSITIVE,0.9124149680137634,UI/UX
Is not working both this one and apollo did u make it better pls am gonne stop using this bank because of the mobile banking,1,2024-07-19,BOA,Google Play,NEGATIVE,0.9996222257614136,UI/UX
I have experiance,5,2024-07-19,BOA,Google Play,NEGATIVE,0.8070299029350281,Other
The App is not working on Android 9.1 at all. It shows an error notification and forcefully closes the app. Must be fixed ASAP.,1,2024-07-19,BOA,Google Play,NEGATIVE,0.9997739195823669,UI/UX
Wow,5,2024-07-19,BOA,Google Play,POSITIVE,0.999592125415802,Other
Crashes very frequently is not stable overall need improvement such a huge bank needs a better app than the current one,1,2024-07-19,BOA,Google Play,NEGATIVE,0.999760091304779,"UI/UX, Performance"
·à≠·ã≠·à≠·çç,3,2024-07-19,BOA,Google Play,NEGATIVE,0.6970566511154175,Other
The previous application is much better than this one,1,2024-07-18,BOA,Google Play,POSITIVE,0.9991149306297302,UI/UX
"Worst app. It is wise to invest money and you can make it like CBE app. Even the incon has no image. My app has better UI than yours. So, please invest more and hire professional developer companies and improve it.",1,2024-07-18,BOA,Google Play,NEGATIVE,0.9994294047355652,UI/UX
mal,5,2024-07-16,BOA,Google Play,NEGATIVE,0.9996137022972107,Other
It is not working at all,1,2024-07-16,BOA,Google Play,NEGATIVE,0.9997811913490295,Other
Excellent,5,2024-07-16,BOA,Google Play,POSITIVE,0.9998434782028198,Other
The poorest mobile banking survice ever. Only error reports frequently,1,2024-07-16,BOA,Google Play,NEGATIVE,0.999705970287323,Other
Wow,5,2024-07-16,BOA,Google Play,POSITIVE,0.999592125415802,Other
üòûüòûüòûüòû,1,2024-07-15,BOA,Google Play,NEGATIVE,0.6970566511154175,Other
üò°üò°üò°üò°üò°üò°üò°,1,2024-07-15,BOA,Google Play,NEGATIVE,0.6970566511154175,Other
The worst banking app,1,2024-07-15,BOA,Google Play,NEGATIVE,0.9998050332069397,UI/UX
The app is constantly crashing and freezing when to send to BOA customers' accounts.,1,2024-07-15,BOA,Google Play,NEGATIVE,0.9988401532173157,"Account Access, UI/UX, Performance"
No work app,5,2024-07-15,BOA,Google Play,NEGATIVE,0.9968982934951782,UI/UX
Is ok but stop sundenly,5,2024-07-15,BOA,Google Play,POSITIVE,0.9309310913085938,Other
ü§∑ü§∑ü§∑,3,2024-07-15,BOA,Google Play,NEGATIVE,0.6970566511154175,Other
experienced,5,2024-07-14,BOA,Google Play,POSITIVE,0.9950610995292664,Other
Very poor app. Its Always cresh and not compatible,2,2024-07-13,BOA,Google Play,NEGATIVE,0.999818742275238,UI/UX
"It's not functional at all. It keeps saying ""error"". Unable to activate.",1,2024-07-13,BOA,Google Play,NEGATIVE,0.9998112320899963,Other
BoA,5,2024-07-13,BOA,Google Play,NEGATIVE,0.74105304479599,Other
I can't believe that Abyssinia develop this kind of trash app it have a lot of issues üëéüëéüëé,1,2024-07-13,BOA,Google Play,NEGATIVE,0.9983154535293579,UI/UX
Boa,5,2024-07-13,BOA,Google Play,NEGATIVE,0.74105304479599,Other
The new app is very good,5,2024-07-12,BOA,Google Play,POSITIVE,0.9998589754104614,UI/UX
It's very good but sometimes isn't work probably,5,2024-07-12,BOA,Google Play,NEGATIVE,0.9371032118797302,Other
It doesn't work,1,2024-07-12,BOA,Google Play,NEGATIVE,0.9997813105583191,Other
·å≠·à´·àΩ ·ä†·ã≠·äê·çã·àù,1,2024-07-12,BOA,Google Play,NEGATIVE,0.7850591540336609,Other
"This is the most stupid app I've seen, why would I turn off developer mode just because you can't make your app secure, this clearly indicates the app has very poor implementation and unskilled developers.. There are a lot of people who need developer option for different reasons. Please for the sake of the bank, fix this thing... Even the most secure international banking apps don't require it. Not to mention the lag and crashes",1,2024-07-12,BOA,Google Play,NEGATIVE,0.9997655749320984,"UI/UX, Performance"
The worst mobile banking app,1,2024-07-11,BOA,Google Play,NEGATIVE,0.9997923970222473,UI/UX
It is not fast,3,2024-07-11,BOA,Google Play,NEGATIVE,0.99720698595047,Other
Ok,5,2024-07-11,BOA,Google Play,POSITIVE,0.9997851252555847,Other
Useless,1,2024-07-11,BOA,Google Play,NEGATIVE,0.9997991919517517,UI/UX
The app keeps crashing it stops responding while I'm using it or trying to open the app. Now I have to go to the bank in person to do any banking activities. In short it is the worst mobile banking system in Ethiopia,1,2024-07-11,BOA,Google Play,NEGATIVE,0.9997914433479309,"UI/UX, Performance"
·àÄ·ã®,5,2024-07-10,BOA,Google Play,NEGATIVE,0.6970566511154175,Other
Too late!,1,2024-07-10,BOA,Google Play,NEGATIVE,0.9988941550254822,Other
No work,5,2024-07-10,BOA,Google Play,NEGATIVE,0.999386191368103,Other
"Pretty good for a banking app, it still lacks some things with in the ui and with the speed of the app but overall it's a good application. Thank you 5/5üëçüèª",5,2024-07-09,BOA,Google Play,POSITIVE,0.9995549321174622,UI/UX
After update it doesn't work well,2,2024-07-09,BOA,Google Play,NEGATIVE,0.9996452331542969,Other
Error occurred try again for 5 days tele birr user not found ·àà·à´·à¥ ·ä†·ãù·ã§,1,2024-07-08,BOA,Google Play,NEGATIVE,0.9983060359954834,UI/UX
Good but Very slow.,1,2024-07-08,BOA,Google Play,POSITIVE,0.9877548813819885,Performance
Very good app,5,2024-07-07,BOA,Google Play,POSITIVE,0.9998675584793091,UI/UX
"It is so bad apps ,it doesn't work",1,2024-07-06,BOA,Google Play,NEGATIVE,0.9998026490211487,UI/UX
"From now on I will never going to use this app,It is a trash app.No one care about this app from bank I will rate them 0/5.",1,2024-07-06,BOA,Google Play,NEGATIVE,0.9991281628608704,UI/UX
It usually crashes and unable to process also it request to off the developer options,1,2024-07-05,BOA,Google Play,NEGATIVE,0.9996892213821411,Performance
Miliyone.,5,2024-07-05,BOA,Google Play,NEGATIVE,0.9675788879394531,Other
Workneh girmamo,5,2024-07-05,BOA,Google Play,POSITIVE,0.9400009512901306,Other
üôèüôèüôè,5,2024-07-05,BOA,Google Play,NEGATIVE,0.6970566511154175,Other
"I can't believe in this day and age, one of the major banks of the country can't seem to understand that having a working mobile payment option is a **MUST** to survive. I have decided to move my accounts to CBE and Awash because of this. Can't be bothered with this useless app.",1,2024-07-04,BOA,Google Play,NEGATIVE,0.9974097609519958,"Account Access, Transactions, UI/UX"
Is it even working these days? Please check it.,1,2024-07-04,BOA,Google Play,POSITIVE,0.9892704486846924,Other
"The app is essentially unusable, it asks to disable developer mode even when it is already disabled and crashes, sometimes it only works with wifi and sometimes only with data, or it crashes just because.......",1,2024-07-04,BOA,Google Play,NEGATIVE,0.9995259046554565,"UI/UX, Performance"
Please make it functional.,5,2024-07-03,BOA,Google Play,POSITIVE,0.9997920393943787,Other
its best app but its don't working in poor connection area so,5,2024-07-03,BOA,Google Play,NEGATIVE,0.9705930948257446,UI/UX
Please Recover thank you,5,2024-07-02,BOA,Google Play,POSITIVE,0.9997314810752869,Other
Best,5,2024-07-01,BOA,Google Play,POSITIVE,0.9997941851615906,Other
This app doesn't work,1,2024-06-30,BOA,Google Play,NEGATIVE,0.9997921586036682,UI/UX
Excellent app,5,2024-06-29,BOA,Google Play,POSITIVE,0.9998356103897095,UI/UX
"the app used to run fine, but now it takes like forever to even open the main dashboard and sometimes it just crashes on its own. you guys gotta step it up. we need this app to be way faster",1,2024-06-27,BOA,Google Play,NEGATIVE,0.9726090431213379,"UI/UX, Performance"
the underrated app I've ever seen and ur banking system is Soo Idiocracy,1,2024-06-27,BOA,Google Play,NEGATIVE,0.9977184534072876,UI/UX
It demands to disable developer option.,1,2024-06-27,BOA,Google Play,NEGATIVE,0.9994282126426697,Other
"It's been two months now, I cannot do any transaction using this app. It's really disappointing. I am using bank of Abyssinia currently because it's the nearest bank to my work place. The bank is turning to the worst bank in the country day by day. They always respond to customers that they are updating their system all year long, I think that's what they train their customer service operators to do.",1,2024-06-26,BOA,Google Play,NEGATIVE,0.9996359348297119,"Transactions, UI/UX, Customer Support"
Open Open service,5,2024-06-25,BOA,Google Play,POSITIVE,0.9997770190238953,Customer Support
·ä†·çë ·â†·å£·àù ·ä†·àµ·â∏·åã·à™ ·àÜ·äó·àç,1,2024-06-25,BOA,Google Play,NEGATIVE,0.8616330027580261,Other
ok,1,2024-06-24,BOA,Google Play,POSITIVE,0.9997851252555847,Other
Its not working.,1,2024-06-24,BOA,Google Play,NEGATIVE,0.9997856020927429,Other
"Riddled with crashes, cant use it anymore. Very frustrating!",1,2024-06-20,BOA,Google Play,NEGATIVE,0.9994331002235413,"UI/UX, Performance"
Always error occured. The worst app ever,1,2024-06-20,BOA,Google Play,NEGATIVE,0.9997997879981995,UI/UX
·ä®·ãö·àÖ ·âµ·àç·âÖ ·â£·äï·ä≠ ·ã®·àõ·ã≠·å†·â†·âÖ ·ãµ·äï·ãù·ãù·ãù·ãù ·ã´·àà App.... ·ãõ·åç·åç·åç ·äê·ãç ·ã´·à®·åà·äù üò°üò°üò°,1,2024-06-20,BOA,Google Play,NEGATIVE,0.9611338376998901,UI/UX
Excellent service,5,2024-06-18,BOA,Google Play,POSITIVE,0.9998576641082764,Customer Support
It's not convenient,1,2024-06-17,BOA,Google Play,NEGATIVE,0.9998067021369934,Other
meskelu Metku,5,2024-06-17,BOA,Google Play,POSITIVE,0.8474319577217102,Other
Verry nice,5,2024-06-17,BOA,Google Play,POSITIVE,0.9997273087501526,Other
It has become the most unreliable mibile banking app ever.,1,2024-06-16,BOA,Google Play,NEGATIVE,0.999081015586853,UI/UX
Good,5,2024-06-14,BOA,Google Play,POSITIVE,0.9998161196708679,Other
"·ä†·äò·àç·ä¨·àΩ·äë ·â†·àÅ·àâ·àù ·äê·åà·à≠ ·å•·à© ·äê·ãâ,·äê·åà·à≠ ·åç·äï Network ·â†·å£·àù ·äê·ãâ ·ä•·àö·ã´·àµ·â∏·åà·à®·ãç",2,2024-06-13,BOA,Google Play,NEGATIVE,0.9465042948722839,Other
The poorest mobile banking I have seen in the industry. Is not stable to login and post transactions. Is not attractive. Error reports frequently.,5,2024-06-13,BOA,Google Play,NEGATIVE,0.9998160004615784,"Account Access, Transactions"
üëçüëçüëç,5,2024-06-12,BOA,Google Play,NEGATIVE,0.6970566511154175,Other
Really Bank,5,2024-06-11,BOA,Google Play,POSITIVE,0.9820581078529358,Other
I like the the bank of Abyssinia is the best first bank of Ethiopia,1,2024-06-11,BOA,Google Play,POSITIVE,0.999809205532074,Other
The app is not good need a few work,3,2024-06-11,BOA,Google Play,NEGATIVE,0.9997538924217224,UI/UX
"The worst mob app i have ever seen. Slow, uncomfortable and stupid. It is better to learn from the best app (tele birr). The released updates is even worst.",1,2024-06-11,BOA,Google Play,NEGATIVE,0.9997610449790955,"UI/UX, Performance"
"Unreliable, expensive service. Most of the time, it is not working. Sometimes, it will take more than a day to complete transactions and charges more for this unworthy service. I will not recommend this bank app to anyone.",1,2024-06-10,BOA,Google Play,NEGATIVE,0.9994435906410217,"Transactions, UI/UX, Customer Support"
The worst app,1,2024-06-10,BOA,Google Play,NEGATIVE,0.9997969269752502,UI/UX
excellent service,5,2024-06-10,BOA,Google Play,POSITIVE,0.9998576641082764,Customer Support
You are beutiful,5,2024-06-09,BOA,Google Play,NEGATIVE,0.8399403095245361,Other
Good üëç,5,2024-06-07,BOA,Google Play,POSITIVE,0.9998576641082764,Other
The best app,5,2024-06-06,BOA,Google Play,POSITIVE,0.9998469352722168,UI/UX
·ä†·ã≠·à∞·à´·àù ·ä†·çë ·àà·àù·äï·ãµ·äê·ãç,1,2024-06-06,BOA,Google Play,NEGATIVE,0.8337253928184509,Other
Awful,1,2024-06-06,BOA,Google Play,NEGATIVE,0.9997954964637756,Other
Developer option to be off really,1,2024-06-06,BOA,Google Play,NEGATIVE,0.9903940558433533,Other
Good app boa,5,2024-06-06,BOA,Google Play,POSITIVE,0.9998428821563721,UI/UX
I'm disappointed with the recent changes to this app. Disabling developer options for functionality seems unnecessary. The previous version offered a more user-friendly experience.,1,2024-06-06,BOA,Google Play,NEGATIVE,0.9997298121452332,UI/UX
"Worest app, it cannot be downloaded",2,2024-06-05,BOA,Google Play,NEGATIVE,0.9979676604270935,UI/UX
üò≠üò≠üò≠üò≠üò≠üò≠üò≠,1,2024-06-05,BOA,Google Play,NEGATIVE,0.6970566511154175,Other
slow only some times the wey it is veary nice app,5,2024-06-04,BOA,Google Play,POSITIVE,0.9498576521873474,"UI/UX, Performance"
ok yes,5,2024-06-04,BOA,Google Play,POSITIVE,0.9997628331184387,Other
The worst mobile banking app,1,2024-06-04,BOA,Google Play,NEGATIVE,0.9997923970222473,UI/UX
It's nice apps,1,2024-06-04,BOA,Google Play,POSITIVE,0.999875545501709,UI/UX
Wow! what a disgrace for BOA. The app barely works. Too slow and always returns error.,1,2024-06-03,BOA,Google Play,NEGATIVE,0.9997871518135071,"UI/UX, Performance"
Excited by your service,5,2024-06-02,BOA,Google Play,POSITIVE,0.9997963309288025,Customer Support
Kerfafa new,1,2024-06-01,BOA,Google Play,POSITIVE,0.8148759007453918,Other
ABDU MUDESR,2,2024-06-01,BOA,Google Play,POSITIVE,0.7394685745239258,Other
Ok,5,2024-05-31,BOA,Google Play,POSITIVE,0.9997851252555847,Other
"The worst mobile banking app! It doesn't load (seems like with the perfect WiFi and data connection it still manages to have network issues), when you finally get into the app, it makes it so hard more than it should be to send money.",1,2024-05-31,BOA,Google Play,NEGATIVE,0.9996273517608643,"Transactions, UI/UX"
Excellent,5,2024-05-31,BOA,Google Play,POSITIVE,0.9998434782028198,Other
It is Good to save time üëåüëå,3,2024-05-31,BOA,Google Play,POSITIVE,0.9998168349266052,Other
"I'm sorry but what kind of stupid developer thinks the app will be faster if we disable ""Developer mode""? I've never seen such degeneracy in my entire life, please get rid of this feature",1,2024-05-29,BOA,Google Play,NEGATIVE,0.9996848106384277,UI/UX
What is the purpose or point of not allowing to take a screenshot of the recipe after transferring???,1,2024-05-29,BOA,Google Play,NEGATIVE,0.9991626739501953,Transactions
Ayseram,1,2024-05-28,BOA,Google Play,NEGATIVE,0.6560923457145691,Other
Worst banking app ever,1,2024-05-28,BOA,Google Play,NEGATIVE,0.9997898936271667,UI/UX
not bad,1,2024-05-26,BOA,Google Play,POSITIVE,0.9995881915092468,Other
